1408-09-01,1408-08-12
1408-09-02,1408-08-13
1408-09-03,1408-08-14
1408-09-04,1408-08-15
1408-09-05,1408-08-16
1408-09-06,1408-08-17
1408-09-07,1408-08-18
1408-09-08,1408-08-19
1408-09-09,1408-08-20
1408-09-10,1408-08-21
1408-09-11,1408-08-22
1408-09-12,1408-08-23
1408-09-13,1408-08-24
1408-09-14,1408-08-25
1408-09-15,1408-08-26
1408-09-16,1408-08-27
1408-09-17,1408-08-28
1408-09-18,1408-08-29
1408-09-19,1408-08-30
1408-09-20,1408-09-01
1408-09-21,1408-09-02
1408-09-22,1408-09-03
1408-09-23,1408-09-04
1408-09-24,1408-09-05
1408-09-25,1408-09-06
1408-09-26,1408-09-07
1408-09-27,1408-09-08
1408-09-28,1408-09-09
1408-09-29,1408-09-10
1408-09-30,1408-09-11
